Name,Autonomous_Motivation,Controlled_Motivation
Alex,7.5,4.3
Brianna,6.2,5.8
Carlos,8.1,3.9
Diana,7.3,5.2
Ethan,5.4,7.6
Fiona,6.6,5.5
George,6.2,6.8
Hannah,8.8,2.7
Isaac,6.5,4.6
Jasmine,7.1,4.9
Kevin,8.4,3.1
Lana,7.6,5.4
Mike,5.9,6.3
Nina,8.5,3.8
Oscar,4.9,7.1
Penny,6.7,6.3
Quinn,7.2,4.8
Rebecca,8.2,4.3
Steve,5.5,7.5
Tara,7.4,5.1
Ulysses,6.8,6.2
Vera,8.9,2.5
Will,4.6,8.4
Xena,7.8,5.7
Yara,6.3,5.9
Zane,7.3,4.7
Aaron,8.6,4.1
Beth,6.5,6.5
Caleb,7.9,5.0
Daisy,6.1,6.9

