Name,MBTI_Type
Alex,ENTJ
Brianna,ISFP
Carlos,INTP
Diana,ENFJ
Ethan,ISTJ
Fiona,INFP
George,ESTP
Hannah,ESFJ
Isaac,ENTP
Jasmine,ISFJ
Kevin,INTJ
Lana,ENFP
Mike,ESTJ
Nina,INFJ
Oscar,ESFP
Penny,ISTP
Quinn,INTP
Rebecca,ENFJ
Steve,ISFP
Tara,ESTP
Ulysses,ENTP
Vera,INFJ
Will,ISTJ
Xena,ENFP
Yara,ESFJ
Zane,INTJ
Aaron,ISFJ
Beth,ENTP
Caleb,INFP
Daisy,ESTJ
